{
  "rmse": 2346.717240384555,
  "r2": 0.9989330527589226,
  "n_test": 400
}